{
    "fields": {
        "teamParent": {
            "type": "link"
        },
        "subTeams": {
            "type": "linkMultiple",
            "layoutDetailDisabled": true,
            "layoutMassUpdateDisabled": true,
            "noLoad": true,
            "importDisabled": true,
            "isCustom": true
        }
    },
    "links": {
        "teamParent": {
            "type": "belongsTo",
            "foreign": "subTeams",
            "entity": "Team",
            "audited": false,
            "isCustom": true
        },
        "subTeams": {
            "type": "hasMany",
            "foreign": "teamParent",
            "entity": "Team",
            "audited": false,
            "isCustom": true
        }
    }
}